id;title;dec_Couleur;rub0;rub1;rub2;carac_Forme;carac_Genre;dec_Taille;brand;carac_Activite;carac_Construction;desc;promoprice;stock;price
3515729638153;CORDELETTE 6 mm;;ALPI RANDO;Accessoires;Corde;;Mixte;6 mm;MILLET;Alpinisme;;;;31,5;2,08
3342540096769;ARIAL 9,5;ORANGE;ALPI RANDO;Accessoires;Corde;;Mixte;70M;PETZL;Alpinisme;;;;1;150
3342540096028;CORAX T1;;ALPI RANDO;Accessoires;Harnais;;Mixte;1;PETZL;Escalade;;;;1;49,17
3342540095786;TIKKA R +;Rouge;ALPI RANDO;Accessoires;Lampe frontale;;Mixte;U;PETZL;"Rando Treck;Ski Rando";;;;2;57,5
3515721589064;TRIDENT WINTER;NOIR/ROUGE;ALPI RANDO;Chaussures;Tige haute;Tige haute;Homme;8,5;MILLET;Alpi Rando;GTX;;;1;166,67
3515721589071;TRIDENT WINTER;NOIR/ROUGE;ALPI RANDO;Chaussures;Tige haute;Tige haute;Homme;9;MILLET;Alpi Rando;GTX;;;2;166,67
3515721589088;TRIDENT WINTER;NOIR/ROUGE;ALPI RANDO;Chaussures;Tige haute;Tige haute;Homme;9,5;MILLET;Alpi Rando;GTX;;;1;166,67
3515721589095;TRIDENT WINTER;NOIR/ROUGE;ALPI RANDO;Chaussures;Tige haute;Tige haute;Homme;10;MILLET;Alpi Rando;GTX;;;1;166,67
887850484637;QUEST 4D2 GTX ;RAY-BLACK ;ALPI RANDO;Chaussures;Tige haute;Tige haute;Homme;8;SALOMON;Alpi Rando;GTX;;;1;150
887850484644;QUEST 4D2 GTX ;RAY-BLACK;ALPI RANDO;Chaussures;Tige haute;Tige haute;Homme;8,5;SALOMON;Alpi Rando;GTX;;;2;150
887850503697;QUEST 4D2 GTX  W;;ALPI RANDO;Chaussures;Tige haute;Tige haute;Femme;5;SALOMON;Alpi Rando;GTX;;;1;150
887850503703;QUEST 4D2 GTX  W;;ALPI RANDO;Chaussures;Tige haute;Tige haute;Femme;5,5;SALOMON;Alpi Rando;GTX;;;2;150
887850503727;QUEST 4D2 GTX  W;;ALPI RANDO;Chaussures;Tige haute;Tige haute;Femme;6;SALOMON;Alpi Rando;GTX;;;2;150
887850503734;QUEST 4D2 GTX  W;;ALPI RANDO;Chaussures;Tige haute;Tige haute;Femme;6,5;SALOMON;Alpi Rando;GTX;;;2;150
887850503741;QUEST 4D2 GTX  W;;ALPI RANDO;Chaussures;Tige haute;Tige haute;Femme;7;SALOMON;Alpi Rando;GTX;;;1;150
3515725530581;EXPERTGAITERS M;BLACK - NOIR;ALPI RANDO;Guètres;Tubulaire;Tubulaire;Homme;L;MILLET;"Alpi Rando;Raquette";;;;7;32,5
3515725530574;EXPERTGAITERS M;BLACK - NOIR;ALPI RANDO;Guètres;Tubulaire;Tubulaire;Homme;M;MILLET;"Alpi Rando;Raquette";;;;2;32,5
4046051048338;FUTURA SL;;ALPI RANDO;Sacs à dos;Tubulaire;Tubulaire;Mixte;24L;DEUTER;Rando Treck;;;;1;100
7611818489531;COLLE POT;;GLISSE;Accessoires;Colle peaux;;Mixte;U;COLLTEX;Ski Rando;;;;1;20,83
3700507900397;COLLE ROULEAU;;GLISSE;Accessoires;Colle peaux;;Mixte;U;COLLTEX;Ski Rando;;;;8;20
3700507905842;ARVA EVO 4;;GLISSE;Accessoires;DVA;;Mixte;;ARVA;Ski Rando;;;;5;208,33
9120057620189;PEAUX 110 MM;;GLISSE;Accessoires;Peaux;;Mixte;153/163;GECKO;Ski Rando;;;;5;141,67
9120057620196;PEAUX 110 MM;;GLISSE;Accessoires;Peaux;;Mixte;161/171;GECKO;Ski Rando;;;;5;141,67
9120057620202;PEAUX 110 MM;;GLISSE;Accessoires;Peaux;;Mixte;169/179;GECKO;Ski Rando;;;;8;141,67
9120057620219;PEAUX 110 MM;;GLISSE;Accessoires;Peaux;;Mixte;177/187;GECKO;Ski Rando;;;;4;141,67
4046402072838;SEVEN SUMMITS Peaux;Silver;GLISSE;Accessoires;Peaux;;Mixte;163;Dynafit;Ski Rando;;;;1;133,33
3700507903992;OVO COMPACT;Rouge;GLISSE;Accessoires;Pelle;;Mixte;U;ARVA;Ski Rando;;;;2;28,33
3700507900137;LIGHT 2,40;;GLISSE;Accessoires;Sonde;;Mixte;U;ARVA;Ski Rando;;;;7;33,33
887850609207;Quest Access R80;Anthracite;GLISSE;Chaussures;4 boucles;4 boucles;Mixte;26,5;SALOMON;Rando Treck;;;;;208,33
887850609214;Quest Access R80;Anthracite;GLISSE;Chaussures;4 boucles;4 boucles;Mixte;27;SALOMON;Rando Treck;;;;;208,33
8025228641554;MAESTRALE;;GLISSE;Chaussures;4 boucles;4 boucles;Homme;27,5;SCARPA;Ski Rando;;;;1;408,33
8025228641561;MAESTRALE;;GLISSE;Chaussures;4 boucles;4 boucles;Homme;28;SCARPA;Ski Rando;;;;1;408,33
8025228641585;MAESTRALE;;GLISSE;Chaussures;4 boucles;4 boucles;Homme;29;SCARPA;Ski Rando;;;;1;408,33
8025228641592;MAESTRALE;;GLISSE;Chaussures;4 boucles;4 boucles;Homme;29,5;SCARPA;Ski Rando;;;;1;408,33
8025228412741;GEA;;GLISSE;Chaussures;4 boucles;4 boucles;Femme;24,5;SCARPA;Ski Rando;;;;1;408,33
8025228412758;GEA;;GLISSE;Chaussures;4 boucles;4 boucles;Femme;25;SCARPA;Ski Rando;;;;1;408,33
8025228412765;GEA;;GLISSE;Chaussures;4 boucles;4 boucles;Femme;25,5;SCARPA;Ski Rando;;;;1;408,33
8025228412772;GEA;;GLISSE;Chaussures;4 boucles;4 boucles;Femme;26;SCARPA;Ski Rando;;;;1;408,33
887850608293;MTN LAB Rando;Indigo Blue/BLACK;GLISSE;Chaussures;2 boucles;2 boucles;Mixte;27;SALOMON;Free Ride;;;;1;458,33
887850608309;MTN LAB Rando;Indigo Blue/BLACK;GLISSE;Chaussures;2 boucles;2 boucles;Mixte;27,5;SALOMON;Free Ride;;;;1;458,33
887850608316;MTN LAB Rando;Indigo Blue/BLACK;GLISSE;Chaussures;2 boucles;2 boucles;Mixte;28;SALOMON;Free Ride;;;;1;458,33
887850608323;MTN LAB Rando;Indigo Blue/BLACK;GLISSE;Chaussures;2 boucles;2 boucles;Mixte;28,5;SALOMON;Free Ride;;;;1;458,33
887850608330;MTN LAB Rando;Indigo Blue/BLACK;GLISSE;Chaussures;2 boucles;2 boucles;Mixte;29;SALOMON;Free Ride;;;;1;458,33
887850608132;MTN EXPLORE;White/BLACK;GLISSE;Chaussures;2 boucles;2 boucles;Mixte;24,5;SALOMON;Free Rando;;;;1;416,67
887850608231;MTN EXPLORE;White/BLACK;GLISSE;Chaussures;2 boucles;2 boucles;Mixte;25,5;SALOMON;Free Rando;;;;1;416,67
887850608163;MTN EXPLORE;White/BLACK;GLISSE;Chaussures;2 boucles;2 boucles;Mixte;26,5;SALOMON;Free Rando;;;;1;416,67
887850608170;MTN EXPLORE;White/BLACK;GLISSE;Chaussures;2 boucles;2 boucles;Mixte;27;SALOMON;Free Rando;;;;1;416,67
887850608187;MTN EXPLORE;White/BLACK;GLISSE;Chaussures;2 boucles;2 boucles;Mixte;27,5;SALOMON;Free Rando;;;;2;416,67
887850608200;MTN EXPLORE;White/BLACK;GLISSE;Chaussures;2 boucles;2 boucles;Mixte;28,5;SALOMON;Free Rando;;;;2;416,67
887850608217;MTN EXPLORE;White/BLACK;GLISSE;Chaussures;2 boucles;2 boucles;Mixte;29;SALOMON;Free Rando;;;;1;416,67
4053865384149;TLT6 MNT MS CL;Blue;GLISSE;Chaussures;2 boucles;2 boucles;Homme;27,5;DYNAFIT;Ski Rando;;;;1;441,67
4053865384156;TLT6 MNT MS CL;Blue;GLISSE;Chaussures;2 boucles;2 boucles;Homme;28;DYNAFIT;Ski Rando;;;;1;441,67
7640132084184;VIPEC 12;;GLISSE;Fixations;A inserts;A inserts;Mixte;90;DIAMIR;Ski Rando;;;;2;400
4046402073026;TLT RADICAL ST2 90;BLACK - NOIR;GLISSE;Fixations;A inserts;A inserts;Mixte;;DYNAFIT;Ski Rando;;;;8;366,67
3700507903664;RESCUER 32;BLACK - NOIR;GLISSE;Sacs à dos;Zipp‚;Zipp‚;Mixte;32;ARVA;Ski Rando;;;;1;82,5
4021574240100;FLAINE 15;BLACK - NOIR;GLISSE;Sacs à dos;Zipp‚;Zipp‚;Mixte;15;VAUDE;Ski Rando;;;;1;62,5
4021574240117;FLAINE 15;DEEP;GLISSE;Sacs à dos;Zipp‚;Zipp‚;Mixte;15L;VAUDE;Ski Rando;;;;1;62,5
3515725540719;NEO 30 ARS;SKY DIVER;GLISSE;Sacs à dos;Zipp‚;Zipp‚;Mixte;30;MILLET;Ski Rando;;;;2;583,33
3700507905439;FREERANDO 24;BLACK - NOIR;GLISSE;Sacs à dos;Zipp‚;Zipp‚;Mixte;24;ARVA;Free Rando;;;;3;83,33
887850598167;MTN EXPLORE 95 169;WH/BL/YE;GLISSE;Skis;Fat Rocker;Fat Rocker;Mixte;169;SALOMON;Free Ride;;;;1;500
887850598174;MTN EXPLORE 95 177;WH/BL/YE;GLISSE;Skis;Fat Rocker;Fat Rocker;Mixte;177;SALOMON;Free Ride;;;;1;500
887850598402;MTN EXPLORE 88 169;White/Or;GLISSE;Skis;Rocker;Rocker;Mixte;169;SALOMON;Free Rando;;;;2;458,33
887850598426;MTN EXPLORE 88 177;White/Or;GLISSE;Skis;Rocker;Rocker;Mixte;177;SALOMON;Free Rando;;;;2;458,33
887850598419;MTN EXPLORE 88 184;White/Or;GLISSE;Skis;Rocker;Rocker;Mixte;184;SALOMON;Free Rando;;;;1;458,33
7630027913699;VERTEX ;;GLISSE;Skis;Rocker;Rocker;Homme;169;MOVEMENT;Ski Rando;;;;1;475
7630027913705;VERTEX ;;GLISSE;Skis;Rocker;Rocker;Homme;177;MOVEMENT;Ski Rando;;;;1;475
3515728803620;EXTREM GTX MITT;BLACK - NOIR;GLISSE;Vêtements;Gant Mouffle;Gant Mouffle;Homme;M;MILLET;Alpi Rando;;;;3;100
3515728803637;EXTREM GTX MITT;BLACK - NOIR;GLISSE;Vêtements;Gant Mouffle;Gant Mouffle;Homme;L;MILLET;Alpi Rando;;;;2;100
3515728803644;EXTREM GTX MITT;BLACK - NOIR;GLISSE;Vêtements;Gant Mouffle;Gant Mouffle;Homme;XL;MILLET;Alpi Rando;;;;1;100
4050205424343;TORBENIUS;Blue;GLISSE;Vêtements;Gant;Gant;Mixte;4;REUSCH;"Alpi Rando;Ski";;;;2;41,67
4050205424350;TORBENIUS;Blue;GLISSE;Vêtements;Gant;Gant;Mixte;4,5;REUSCH;"Alpi Rando;Ski";;;;2;41,67
4050205424367;TORBENIUS;Blue;GLISSE;Vêtements;Gant;Gant;Mixte;5;REUSCH;"Alpi Rando;Ski";;;;1;41,67
4050205529741;TORBENIUS;BLACK - NOIR;GLISSE;Vêtements;Gant;Gant;Mixte;4;REUSCH;"Alpi Rando;Ski";;;;2;41,67
4050205529758;TORBENIUS;BLACK - NOIR;GLISSE;Vêtements;Gant;Gant;Mixte;4,5;REUSCH;"Alpi Rando;Ski";;;;2;41,67
4050205529765;TORBENIUS;BLACK - NOIR;GLISSE;Vêtements;Gant;Gant;Mixte;5;REUSCH;"Alpi Rando;Ski";;;;1;41,67
4050205424985;TORBENIUS Lobster;Blue;GLISSE;Vêtements;Gant Mouffle 3D;Gant Mouffle 3D;Mixte;4;REUSCH;"Alpi Rando;Ski";;;;2;41,67
4050205424992;TORBENIUS Lobster;Blue;GLISSE;Vêtements;Gant Mouffle 3D;Gant Mouffle 3D;Mixte;4,5;REUSCH;"Alpi Rando;Ski";;;;2;41,67
4050205425005;TORBENIUS Lobster;Blue;GLISSE;Vêtements;Gant Mouffle 3D;Gant Mouffle 3D;Mixte;5;REUSCH;"Alpi Rando;Ski";;;;1;41,67
4050205529802;TORBENIUS Lobster;BLACK - NOIR;GLISSE;Vêtements;Gant Mouffle 3D;Gant Mouffle 3D;Mixte;4;REUSCH;"Alpi Rando;Ski";;;;2;41,67
4050205529819;TORBENIUS Lobster;BLACK - NOIR;GLISSE;Vêtements;Gant Mouffle 3D;Gant Mouffle 3D;Mixte;4,5;REUSCH;"Alpi Rando;Ski";;;;2;41,67
4050205529826;TORBENIUS Lobster;BLACK - NOIR;GLISSE;Vêtements;Gant Mouffle 3D;Gant Mouffle 3D;Mixte;5;REUSCH;"Alpi Rando;Ski";;;;1;41,67
3600876349172;BLACKCOMB JKT M;BLACK - NOIR;GLISSE;Vêtements;Jacket;Jacket;Homme;S;EIDER;Ski Alpin;;;;1;375
3600876349189;BLACKCOMB JKT M;BLACK - NOIR;GLISSE;Vêtements;Jacket;Jacket;Homme;M;EIDER;Ski Alpin;;;;2;375
3600876349196;BLACKCOMB JKT M;BLACK - NOIR;GLISSE;Vêtements;Jacket;Jacket;Homme;L;EIDER;Ski Alpin;;;;1;375
3515729026875;WILDER JKT;CASTELROCK;GLISSE;Vêtements;Jacket;Jacket;Homme;M;MILLET;Ski Alpin;;;;1;125
3515729026882;WILDER JKT;CASTELROCK;GLISSE;Vêtements;Jacket;Jacket;Homme;L;MILLET;Ski Alpin;;;;2;125
3515729026899;WILDER JKT;CASTELROCK;GLISSE;Vêtements;Jacket;Jacket;Homme;XL;MILLET;Ski Alpin;;;;1;125
3600876373863;ST ANTON PT W;BLACK - NOIR;GLISSE;Vêtements;Pantalon;Pantalon;Femme;36;EIDER;Ski Alpin;;;;1;183,33
3600876373870;ST ANTON PT W;BLACK - NOIR;GLISSE;Vêtements;Pantalon;Pantalon;Femme;38;EIDER;Ski Alpin;;;;1;183,33
3600876373894;ST ANTON PT W;BLACK - NOIR;GLISSE;Vêtements;Pantalon;Pantalon;Femme;42;EIDER;Ski Alpin;;;;2;183,33
3600876373900;ST ANTON PT W;BLACK - NOIR;GLISSE;Vêtements;Pantalon;Pantalon;Femme;44;EIDER;Ski Alpin;;;;2;183,33
3600876374341;ST ANTON PT W;LIGHT HEATHER;GLISSE;Vêtements;Pantalon;Pantalon;Femme;36;EIDER;Ski Alpin;;;;1;183,33
3600876374358;ST ANTON PT W;LIGHT HEATHER;GLISSE;Vêtements;Pantalon;Pantalon;Femme;38;EIDER;Ski Alpin;;;;2;183,33
3600876374365;ST ANTON PT W;LIGHT HEATHER;GLISSE;Vêtements;Pantalon;Pantalon;Femme;40;EIDER;Ski Alpin;;;;2;183,33
3600876374372;ST ANTON PT W;LIGHT HEATHER;GLISSE;Vêtements;Pantalon;Pantalon;Femme;42;EIDER;Ski Alpin;;;;2;183,33
3600876374389;ST ANTON PT W;LIGHT HEATHER;GLISSE;Vêtements;Pantalon;Pantalon;Femme;44;EIDER;Ski Alpin;;;;1;183,33
3515729123116;CURVE STCH GTXP;BRIGHT ORANGE;GLISSE;Vêtements;Pantalon;Pantalon;Homme;M;MILLET;"Ski Alpin;Ski Rando";;;;2;333,33
3515729123123;CURVE STCH GTXP;BRIGHT ORANGE;GLISSE;Vêtements;Pantalon;Pantalon;Homme;L;MILLET;"Ski Alpin;Ski Rando";;;;3;333,33
3515729123130;CURVE STCH GTXP;BRIGHT ORANGE;GLISSE;Vêtements;Pantalon;Pantalon;Homme;XL;MILLET;"Ski Alpin;Ski Rando";;;;2;333,33
7318840650532;RENDO FLEX PT;Magnetite;GLISSE;Vêtements;Pantalon;Pantalon;Homme;S;HAGLOFS;Ski Alpin;;;;2;191,67
7318840650549;RENDO FLEX PT;Magnetite;GLISSE;Vêtements;Pantalon;Pantalon;Homme;M;HAGLOFS;Ski Alpin;;;;2;191,67
7318840650556;RENDO FLEX PT;Magnetite;GLISSE;Vêtements;Pantalon;Pantalon;Homme;L;HAGLOFS;Ski Alpin;;;;2;191,67
7318840882407;CHUTE III PT;BLACK - NOIR;GLISSE;Vêtements;Pantalon;Pantalon;Homme;S;HAGLOFS;Ski Alpin;;;;1;283,33
7318840882414;CHUTE III PT;BLACK - NOIR;GLISSE;Vêtements;Pantalon;Pantalon;Homme;M;HAGLOFS;Ski Alpin;;;;1;283,33
7318840882421;CHUTE III PT;BLACK - NOIR;GLISSE;Vêtements;Pantalon;Pantalon;Homme;L;HAGLOFS;Ski Alpin;;;;1;283,33
1000141;LINE PT;Blue;GLISSE;Vêtements;Pantalon;Pantalon;Homme;S;HAGLOFS;Ski Alpin;;;;;225
1000142;LINE PT;Blue;GLISSE;Vêtements;Pantalon;Pantalon;Homme;M;HAGLOFS;Ski Alpin;;;;;225
1000143;LINE PT;Blue;GLISSE;Vêtements;Pantalon;Pantalon;Homme;L;HAGLOFS;Ski Alpin;;;;;225
1000159;LINE PT;Aubergine;GLISSE;Vêtements;Pantalon;Pantalon;Femme;XS;HAGLOFS;Ski Alpin;;;;;225
7318840871654;LINE PT;Aubergine;GLISSE;Vêtements;Pantalon;Pantalon;Femme;S;HAGLOFS;Ski Alpin;;;;2;225
7318840871661;LINE PT;Aubergine;GLISSE;Vêtements;Pantalon;Pantalon;Femme;M;HAGLOFS;Ski Alpin;;;;2;225
3515729101169;LD M PEAK GTXJK;ROUGE CARMIN;GLISSE;Vêtements;Jacket;Jacket;Femme;S;MILLET;Ski Alpin;;;;1;275
3515729101176;LD M PEAK GTXJK;ROUGE CARMIN;GLISSE;Vêtements;Jacket;Jacket;Femme;M;MILLET;Ski Alpin;;;;2;275
3515729101183;LD M PEAK GTXJK;ROUGE CARMIN;GLISSE;Vêtements;Jacket;Jacket;Femme;L;MILLET;Ski Alpin;;;;1;275
3515729101237;LD M PEAK GTXJK;DEEP HORIZON;GLISSE;Vêtements;Jacket;Jacket;Femme;S;MILLET;Ski Alpin;;;;1;275
3515729101244;LD M PEAK GTXJK;DEEP HORIZON;GLISSE;Vêtements;Jacket;Jacket;Femme;M;MILLET;Ski Alpin;;;;2;275
3515729101251;LD M PEAK GTXJK;DEEP HORIZON;GLISSE;Vêtements;Jacket;Jacket;Femme;L;MILLET;Ski Alpin;;;;1;275
3515725540412;PEUTEREY I45+10;CASTELROCK;"GLISSE;ALPI RANDO";Sacs à dos;Tubulaire;Tubulaire;Mixte;45;MILLET;"Alpi Rando;Ski Rando";;;;1;141,67
3515725540368;PROLIGHTER 30;RED - ROUGE;"GLISSE;ALPI RANDO";Sacs à dos;Tubulaire;Tubulaire;Mixte;30;MILLET;"Alpi Rando;Ski Rando";;;;1;108,33
1000241;NENDAZ 30;BLACK - NOIR;"GLISSE;ALPI RANDO";Sacs à dos;Tubulaire;Tubulaire;Mixte;30;VAUDE;"Alpi Rando;Ski Rando";;;;;116,67
1000242;NENDAZ 30;Royal;"GLISSE;ALPI RANDO";Sacs à dos;Tubulaire;Tubulaire;Mixte;30;VAUDE;"Alpi Rando;Ski Rando";;;;;116,67
4053865316348;VULCAN DOWN JKT;Voltage;"GLISSE;ALPI RANDO";Vêtements;Jacket;Jacket;Homme;M;DYNAFIT;"Ski;Alpi Rando";;;;1;200
4053865316355;VULCAN DOWN JKT;Voltage;"GLISSE;ALPI RANDO";Vêtements;Jacket;Jacket;Homme;L;DYNAFIT;"Ski;Alpi Rando";;;;2;200
4053865311039;VULCAN DOWN JKT;Blue;"GLISSE;ALPI RANDO";Vêtements;Jacket;Jacket;Femme;36;DYNAFIT;"Ski;Alpi Rando";;;;1;200
4053865311046;VULCAN DOWN JKT;Blue;"GLISSE;ALPI RANDO";Vêtements;Jacket;Jacket;Femme;38;DYNAFIT;"Ski;Alpi Rando";;;;1;200
4053865311053;VULCAN DOWN JKT;Blue;"GLISSE;ALPI RANDO";Vêtements;Jacket;Jacket;Femme;40;DYNAFIT;"Ski;Alpi Rando";;;;1;200
7318572400603;BE ACTIVE COMFORT;GRIS;"GLISSE;ALPI RANDO";Vêtements;Tee-shirt;Tee-shirt;Femme;XS;CRAFT;"Ski;Alpi Rando;Rando Treck";;;;12;36,67
7318572400610;BE ACTIVE COMFORT;Gris;"GLISSE;ALPI RANDO";Vêtements;Tee-shirt;Tee-shirt;Femme;S;CRAFT;"Ski;Alpi Rando;Rando Treck";;;;1;36,67
7318572400627;BE ACTIVE COMFORT;Gris;"GLISSE;ALPI RANDO";Vêtements;Tee-shirt;Tee-shirt;Femme;M;CRAFT;"Ski;Alpi Rando;Rando Treck";;;;3;36,67
7318572400634;BE ACTIVE COMFORT;Gris;"GLISSE;ALPI RANDO";Vêtements;Tee-shirt;Tee-shirt;Femme;L;CRAFT;"Ski;Alpi Rando;Rando Treck";;;;2;36,67
7318572402157;BE ACTIVE COMFORT;Gris;"GLISSE;ALPI RANDO";Vêtements;Tee-shirt;Tee-shirt;Homme;M;CRAFT;"Ski;Alpi Rando;Rando Treck";;;;2;36,67
7318572402164;BE ACTIVE COMFORT;Gris;"GLISSE;ALPI RANDO";Vêtements;Tee-shirt;Tee-shirt;Homme;L;CRAFT;"Ski;Alpi Rando;Rando Treck";;;;3;36,67
7318572399860;BE ACTIVE COMFORT;ROSE;"GLISSE;ALPI RANDO";Vêtements;Tee-shirt;Tee-shirt;Femme;S;CRAFT;"Ski;Alpi Rando;Rando Treck";;;;1;36,67
7318572399877;BE ACTIVE COMFORT;ROSE;"GLISSE;ALPI RANDO";Vêtements;Tee-shirt;Tee-shirt;Femme;M;CRAFT;"Ski;Alpi Rando;Rando Treck";;;;1;36,67
7318572399884;BE ACTIVE COMFORT;ROSE;"GLISSE;ALPI RANDO";Vêtements;Tee-shirt;Tee-shirt;Femme;L;CRAFT;"Ski;Alpi Rando;Rando Treck";;;;1;36,67
7318572401334;BE ACTIVE COMFORT;BLEU;"GLISSE;ALPI RANDO";Vêtements;Tee-shirt;Tee-shirt;Homme;M;CRAFT;"Ski;Alpi Rando;Rando Treck";;;;2;36,67
7318572401341;BE ACTIVE COMFORT;BLEU;"GLISSE;ALPI RANDO";Vêtements;Tee-shirt;Tee-shirt;Homme;L;CRAFT;"Ski;Alpi Rando;Rando Treck";;;;2;36,67
7318572399822;BE ACTIVE COMFORT;BLEU;"GLISSE;ALPI RANDO";Vêtements;Tee-shirt;Tee-shirt;Femme;M;CRAFT;"Ski;Alpi Rando;Rando Treck";;;;1;36,67
7318572399839;BE ACTIVE COMFORT;BLEU;"GLISSE;ALPI RANDO";Vêtements;Tee-shirt;Tee-shirt;Femme;L;CRAFT;"Ski;Alpi Rando;Rando Treck";;;;1;36,67
7318572399846;BE ACTIVE COMFORT;BLEU;"GLISSE;ALPI RANDO";Vêtements;Tee-shirt;Tee-shirt;Femme;XL;CRAFT;"Ski;Alpi Rando;Rando Treck";;;;1;36,67
7318572401549;BE ACTIVE COMFORT;VERT;"GLISSE;ALPI RANDO";Vêtements;Tee-shirt;Tee-shirt;Homme;M;CRAFT;"Ski;Alpi Rando;Rando Treck";;;;2;36,67
7318572401556;BE ACTIVE COMFORT;VERT;"GLISSE;ALPI RANDO";Vêtements;Tee-shirt;Tee-shirt;Homme;L;CRAFT;"Ski;Alpi Rando;Rando Treck";;;;1;36,67
4053865316744;RADICAL PRL M VST;Carbon;"GLISSE;ALPI RANDO";Vêtements;Veste sans manche;Veste sans manche;Homme;M;DYNAFIT;"Ski;Alpi Rando;Rando Treck";;;;1;133,33
4053865316751;RADICAL PRL M VST;Carbon;"GLISSE;ALPI RANDO";Vêtements;Veste sans manche;Veste sans manche;Homme;L;DYNAFIT;"Ski;Alpi Rando;Rando Treck";;;;2;133,33
4053865316768;RADICAL PRL M VST;Carbon;"GLISSE;ALPI RANDO";Vêtements;Veste sans manche;Veste sans manche;Homme;XL;DYNAFIT;"Ski;Alpi Rando;Rando Treck";;;;1;133,33
4028173061556;CARBON VARIO;;MATERIEL;Bâton;;;Mixte;;LEKI;"Rando Treck;Ski Rando";;;;7;133,33
4046402072395;SEVEN SUMMITS Baton;Grey;MATERIEL;Bâton;;;Mixte;;DYNAFIT;Ski Rando;;;;4;58,33
54917276126;SYNERGY;BLACK - NOIR;MATERIEL;Casque;;;Mixte;54-58;BOLLE;Ski Alpin;;;;2;83,33
887850592011;MTN LAB;White Matt/Grey;MATERIEL;Casque;;;Mixte;S 5356;SALOMON;"Ski Rando;Alpi Rando";;;;2;133,33
887850592028;MTN LAB;White Matt/Grey;MATERIEL;Casque;;;Mixte;M 5659;SALOMON;"Ski Rando;Alpi Rando";;;;2;133,33
887850592035;MTN LAB;White Matt/Grey;MATERIEL;Casque;;;Mixte;L 5962;SALOMON;"Ski Rando;Alpi Rando";;;;1;133,33
54917299842;EMPEROR ;SHINY-BLACK;MATERIEL;Masque;;;Mixte;U;BOLLE;Ski Alpin;;;;1;91,67
